datetime,open,high,low,close,volume,oi,name,symbol,strike,expiry,contract_type,side,iv,delta,gamma,vega,theta,rho,vanna,charm,vomma,speed,zomma,color,veta,ultima,dual_delta,dual_gamma
2026-07-17 09:15:00,2.55,2.55,2.55,2.55,0,0,FINNIFTY,FINNIFTY28JUL2623000PE,23000.0,2026-07-28,OPT,PE,0.33267015509254505,-0.0050778165554624345,9.403135723252766e-06,0.6870368292652359,-1.0148676346166425,-0.0007866866438364179,-0.11070017786841038,-0.5968573786875969,1333.5523461586563,-1.58558236330622e-08,0.00015425111876716114,0.0008316691100210878,8303.552116605075,13856.503479928508,0.0060015452026246936,1.2654614196937263e-05
2026-07-17 09:15:00,425.95,425.95,425.95,425.95,0,10980,FINNIFTY,FINNIFTY28JUL2626900PE,26900.0,2026-07-28,OPT,PE,0.16222155605664648,-0.6070092910894062,0.0005057600351188894,18.019658022349876,-12.979879211075213,-0.1314075199771703,0.711131134848528,1.869677338534328,904.9371831451855,1.6168366330176968e-07,-0.0028637217785776993,-0.007529181962219114,31584.072549699293,-16336.345469282334,0.617921221317988,0.0004975902079310715
2026-07-17 09:15:00,3.1,3.1,3.1,3.1,0,0,FINNIFTY,FINNIFTY28JUL2628800CE,28800.0,2026-07-28,OPT,CE,0.18707764558472817,0.010487986431813654,3.168910172067958e-05,1.302042910665778,-1.0815901817323528,-0.0009563641552510784,0.3477036050164197,1.0542400163942205,3761.5785161239123,8.224872343873188e-08,0.000746102337420628,0.0022621880506442974,13515.384128502092,48346.17588080989,-0.00960898891582248,2.719924379156984e-05
2026-07-17 09:15:00,2.65,2.65,2.65,2.65,0,0,FINNIFTY,FINNIFTY28JUL2628900CE,28900.0,2026-07-28,OPT,CE,0.1906702288487992,0.008947179075575148,2.706155179575998e-05,1.1332586893590162,-0.9594613593856378,-0.0008175371004575521,0.30453937822893873,0.9410977875259077,3379.36135147586,7.069375314674449e-08,0.0006650430753770586,0.002055138387969895,12279.712428449619,47597.804294870126,-0.008168764360471687,2.3066881679754097e-05
2026-07-17 09:15:00,251.7,265.95,251.7,265.95,0,10740,FINNIFTY,FINNIFTY28JUL2626600PE,26600.0,2026-07-28,OPT,PE,0.16345915051037824,-0.45170035969353717,0.0005169583425991561,18.559157569096993,-13.470479025048736,-0.0820467893835613,-0.22447926706729102,-0.5946944441177108,127.67972469916029,-1.0127766671798006e-07,-0.003127050179317905,-0.008284236635360157,30417.47808310576,-2391.8046940252216,0.4630883925672558,0.0005201446689439644
2026-07-17 09:15:00,5.05,5.05,5.05,5.05,0,0,FINNIFTY,FINNIFTY28JUL2624000PE,24000.0,2026-07-28,OPT,PE,0.2680866014933372,-0.011507721554059274,2.3972580160233606e-05,1.4115080582033082,-1.6802504272526226,-0.001557948059361874,-0.2500946299646328,-1.0866454947915276,2664.3089689155645,-4.4272154801123236e-08,0.00036307628230142854,0.0015775436940981,13863.917042360901,20471.409205109074,0.013004054181132508,2.9629489762359588e-05
2026-07-17 09:15:00,213.5,213.5,213.5,213.5,0,25560,FINNIFTY,FINNIFTY28JUL2626900CE,26900.0,2026-07-28,OPT,CE,0.16538230642469978,0.3951992073371697,0.0004968596002769925,18.04746478428947,-13.253201189170053,-0.06586572488586608,0.6865451026890674,1.8402063532180406,855.1844898606672,1.5176750744175407e-07,-0.0027688708938520454,-0.007421644681681867,31542.140294540673,-15163.311000665331,-0.3840574710144681,0.0004888335468346382
2026-07-17 09:15:00,328.1,328.1,328.1,328.1,0,7440,FINNIFTY,FINNIFTY28JUL2626700PE,26700.0,2026-07-28,OPT,PE,0.17053934148944805,-0.5030816557472871,0.0004991439257209315,18.69579103170645,-14.157415242944888,-0.1012203481735161,0.08813901897611366,0.24361341617028776,3.19075401229366,-1.3882961987640853e-08,-0.0029260031343108337,-0.008087378638371381,30309.490637903247,-113.8012714043375,0.5150280627865451,0.0004984655449679289
2026-07-17 09:15:00,135.45,135.45,135.45,135.45,0,0,FINNIFTY,FINNIFTY28JUL2627100CE,27100.0,2026-07-28,OPT,CE,0.15878853344984117,0.2933560762794034,0.00046246129735241136,16.128278120700553,-11.371629068746127,-0.04178694349315006,1.2386138197982344,3.1875974215331273,3155.49468989954,3.2049453751344387e-07,-0.0020076304043274706,-0.005166676972220617,34260.17663460974,-53492.961710329095,-0.28383146951570487,0.00044829994757793386
2026-07-17 09:15:00,411.05,411.05,411.05,411.05,0,0,FINNIFTY,FINNIFTY28JUL2626500CE,26500.0,2026-07-28,OPT,CE,0.16730494527176293,0.5977073953759301,0.0004934711897078803,18.132765857444003,-13.470644511698175,-0.12681080194063848,-0.5042288653604705,-1.3672404230500117,584.6617467178587,-1.7421181804742379e-07,-0.002790419587025662,-0.0075663547225218,30973.502446967912,-10351.187748700522,-0.5862977006532553,0.0005002670869057842
2026-07-17 09:15:00,486.0,486.0,486.0,486.0,0,0,FINNIFTY,FINNIFTY28JUL2626400CE,26400.0,2026-07-28,OPT,CE,0.17522786056575443,0.640737534437746,0.0004552505512605505,17.520524852996758,-13.632195756431825,-0.14993321917811137,-0.7033228111978806,-1.9974056301226246,1188.0191524352078,-2.1687465048940943e-07,-0.002289355884288519,-0.006501669304375361,31769.814038302044,-19588.047412835425,-0.629169044819609,0.0004650230745969946
2026-07-17 09:15:00,527.55,527.55,527.55,527.55,0,0,FINNIFTY,FINNIFTY28JUL2627100PE,27100.0,2026-07-28,OPT,PE,0.14234529898382797,-0.7288892841945677,0.0004966648732650411,15.527446714869559,-9.814286231638402,-0.16275158390410824,1.476773365766551,3.4069470812673606,4217.973063801544,4.3513582911484525e-07,-0.0021399838041138114,-0.004936987451422866,34896.619761756505,-77485.8764008899,0.7371093928961928,0.00048145615194875084
2026-07-17 09:15:00,206.6,206.6,206.6,206.6,0,0,FINNIFTY,FINNIFTY28JUL2626850CE,26850.0,2026-07-28,OPT,CE,0.15076508263175872,0.4113795439550443,0.0005506392973476267,18.233139113953392,-12.206123478933733,-0.06373704337899555,0.6463748548231253,1.5794054460145348,678.5389169649745,1.539302263549321e-07,-0.003447381714227493,-0.008423615821861989,31208.839320215633,-13305.645700475323,-0.4011086512058435,0.000543764059196018
2026-07-17 09:15:00,159.95,162.4,159.8,162.4,600,44580,FINNIFTY,FINNIFTY28JUL2627000CE,27000.0,2026-07-28,OPT,CE,0.15661389692837713,0.3382851282699751,0.0004982493416959347,17.138408992245683,-11.918355682936259,-0.05010114155251074,1.0382874946125595,2.6354593817026517,2029.8053112218474,2.6450442261440596e-07,-0.0025912797324829126,-0.006577381040437526,32928.793307351385,-36530.560517641265,-0.32828418702704587,0.00048657644594196647
2026-07-17 09:15:00,289.85,289.85,289.85,289.85,0,1140,FINNIFTY,FINNIFTY28JUL2626750CE,26750.0,2026-07-28,OPT,CE,0.1724301673876961,0.47246136935472083,0.0004925084907816175,18.651786902442698,-14.280691527109706,-0.08942004851598184,0.2293593750982605,0.6409706657826875,74.25759016014209,2.3646216708369493e-08,-0.002836669945912762,-0.00792739439169859,30436.87427411955,-1346.5445977626816,-0.4604221827258788,0.000490002195590651
2026-07-17 09:15:00,457.3,457.3,457.3,457.3,0,0,FINNIFTY,FINNIFTY28JUL2627000PE,27000.0,2026-07-28,OPT,PE,0.14292704028468156,-0.6771031755777327,0.0005358925854413701,16.822309611377033,-10.676172093276614,-0.14107913812785366,1.2173440156286768,2.8199157519700004,2622.1218081828238,3.476288260870873e-07,-0.0029141087546074172,-0.006750385326227874,33338.29213157706,-51002.38110022068,0.6860616801958789,0.0005233377905591742
2026-07-17 09:15:00,258.05,258.05,258.05,258.05,0,840,FINNIFTY,FINNIFTY28JUL2626650PE,26650.0,2026-07-28,OPT,PE,0.1464730473346649,-0.47636063958180713,0.0005801526476714826,18.663516229665877,-12.138547697935111,-0.07960960331050318,-0.09125313273791,-0.2166276596025488,25.355639043375223,-7.185258998405693e-08,-0.003952933269060268,-0.00938394833085914,30308.555293978246,-576.5569734222742,0.48661287546813675,0.0005815401826416499
2026-07-17 09:15:00,220.75,220.75,220.75,220.75,0,0,FINNIFTY,FINNIFTY28JUL2626500PE,26500.0,2026-07-28,OPT,PE,0.16264126730935952,-0.39987096217108675,0.0005068252724096973,18.104331169983602,-13.074611057647981,-0.06810238299086814,-0.5346974575164715,-1.409442219703839,635.6865092603355,-1.8767719986547166e-07,-0.002938257196207969,-0.007745134536302828,31017.72528016484,-11558.20537730281,0.41094517101904204,0.0005138050769462801
2026-07-17 09:15:00,7.9,7.9,7.9,7.9,0,600,FINNIFTY,FINNIFTY28JUL2628500CE,28500.0,2026-07-28,OPT,CE,0.18835164587733244,0.024073978755695793,6.414670120465679e-05,2.6536107630182553,-2.219331528876044,-0.002437186073058863,0.6039929682202381,1.8437825906466725,5593.437553561584,1.411971591290093e-07,0.0010115532305767377,0.0030879237576979706,21375.6033148835,28803.25249728944,-0.022260992633777666,5.622331958003061e-05
2026-07-17 09:15:00,396.95,396.95,396.95,396.95,0,0,FINNIFTY,FINNIFTY28JUL2626550CE,26550.0,2026-07-28,OPT,CE,0.17523420723455105,0.569986141047414,0.00047829094686938317,18.407911675527266,-14.323163630584967,-0.12246088755707674,-0.3262733546910781,-0.926635436120602,269.63509963520016,-1.206266908916857e-07,-0.002659379222895347,-0.0075527927444486555,30599.87869343943,-4633.4317744521195,-0.5578657144070036,0.0004830532255239538
2026-07-17 09:15:00,189.1,189.1,189.1,189.1,0,0,FINNIFTY,FINNIFTY28JUL2626950CE,26950.0,2026-07-28,OPT,CE,0.1621007457178031,0.3680664084393441,0.0004961582437531908,17.664392149141214,-12.714499049150774,-0.058338213470319186,0.8497590498409334,2.232488441773699,1341.9774710249674,2.014900125242541e-07,-0.00268386649749439,-0.007051058692509921,32154.706623579903,-23870.97430600549,-0.3573874842306981,0.00048633390674474237
2026-07-17 09:15:00,323.0,323.0,323.0,323.0,0,0,FINNIFTY,FINNIFTY28JUL2626750PE,26750.0,2026-07-28,OPT,PE,0.15365730194918018,-0.5322881737985001,0.0005521850107993948,18.63508121070375,-12.714521963103499,-0.09964697488584476,0.2795134463462103,0.696088271102502,106.13480368958943,4.143365793981735e-08,-0.0035621645536845653,-0.008871061474751566,30466.591333503122,-2123.6175836753446,0.5430068489744116,0.0005493750315543792
2026-07-17 09:15:00,357.85,357.85,357.85,357.85,0,0,FINNIFTY,FINNIFTY28JUL2626800PE,26800.0,2026-07-28,OPT,PE,0.15745091348065832,-0.5580146621291502,0.0005349256116970148,18.498309850643878,-12.932806440697748,-0.11039835901826382,0.43518269837762974,1.1105170051824087,297.63599748267313,8.574753920951098e-08,-0.0033113429209485133,-0.00845002027289406,30740.129198953175,-5680.2033183831645,0.5689072206242786,0.0005302194813531748
2026-07-17 09:15:00,13.1,13.1,13.1,13.1,0,0,FINNIFTY,FINNIFTY28JUL2625000PE,25000.0,2026-07-28,OPT,PE,0.20527622285551206,-0.034091113084922714,7.860297517472753e-05,3.5438155196548684,-3.2301693885135765,-0.004041409817352552,-0.6585539433975083,-2.1909799862605928,5628.795112673556,-1.5196126449769448e-07,0.0008655717744613268,0.002879719199209353,24470.291809144655,7131.87933380121,0.036908558626597934,8.95345889221296e-05
2026-07-17 09:15:00,4.5,6.3,4.5,6.3,60,6420,FINNIFTY,FINNIFTY28JUL2628700CE,28700.0,2026-07-28,OPT,CE,0.19807813076121528,0.018838022494724747,4.957242916937504e-05,2.1566029899660446,-1.896803207607128,-0.001943578767123519,0.49092805722073807,1.5760238674443372,4781.737695438711,1.0913062050398022e-07,0.000848879870539654,0.0027251547693922253,18846.041369576353,33594.64782186938,-0.0172938428745948,4.284580274952239e-05
2026-07-17 09:15:00,2.9,2.9,1.85,1.85,2940,13860,FINNIFTY,FINNIFTY28JUL2629000CE,29000.0,2026-07-28,OPT,CE,0.1896420068381665,0.006486351425189191,2.04982168836488e-05,0.853776308774044,-0.7189425461763189,-0.0005707334474881268,0.24187373949550492,0.7434155987200075,2816.291246217859,5.6534695600931794e-08,0.000568071105122225,0.0017460056706066003,10039.79879878272,48344.66463782938,-0.0059040639922132996,1.7352096920300167e-05
2026-07-17 09:15:00,713.35,713.35,713.35,713.35,0,0,FINNIFTY,FINNIFTY28JUL2626100CE,26100.0,2026-07-28,OPT,CE,0.1880358761834328,0.7530415704201323,0.0003582626547746444,14.795707292614525,-12.353556119979478,-0.22007173230593677,-1.0931323082722166,-3.3313622209150213,3504.5656008189208,-2.9154502152520255e-07,-0.0010566947417030063,-0.0032203173530868947,34660.01847113212,-47657.85175819314,-0.7424977864258393,0.0003744142778797162
2026-07-17 09:15:00,246.0,246.0,246.0,246.0,0,16680,FINNIFTY,FINNIFTY28JUL2626800CE,26800.0,2026-07-28,OPT,CE,0.16085571718246597,0.44343857164164163,0.0005238807226318154,18.508123652058384,-13.219481977814377,-0.07589212328767067,0.4186287313901004,1.091374848161774,279.09297108352786,7.922604026189693e-08,-0.0031778376851481984,-0.008284696823351846,30724.11680187857,-5220.16745431959,-0.4323045318192738,0.0005192717622242012
2026-07-17 09:15:00,96.7,96.7,96.7,96.7,0,0,FINNIFTY,FINNIFTY28JUL2626050PE,26050.0,2026-07-28,OPT,PE,0.17187199052690935,-0.2092645107938731,0.00035706555253567303,13.478654280034903,-10.28648943156475,-0.02983239155251052,-1.3032082271617063,-3.630173044518678,4940.786884625504,-3.7200000720421786e-07,-0.0007686355837786861,-0.002141085452912075,35608.035427544695,-68171.14485382165,0.21805237187429943,0.0003745970695192104
2026-07-17 09:15:00,4.0,4.0,4.0,4.0,0,780,FINNIFTY,FINNIFTY28JUL2623800PE,23800.0,2026-07-28,OPT,PE,0.278049728773914,-0.00902008049173454,1.868961215509967e-05,1.1413431533107639,-1.4091403702469045,-0.0012340182648402879,-0.20285102226979423,-0.9141302577224361,2248.1072735393655,-3.461798791403565e-08,0.0003009130937498447,0.0013560383421472226,11980.69678634937,20021.70850758402,0.010280354397831412,2.3489742262253582e-05
2026-07-17 09:15:00,85.1,85.1,85.1,85.1,0,0,FINNIFTY,FINNIFTY28JUL2627300CE,27300.0,2026-07-28,OPT,CE,0.15726654041854377,0.20744206662878306,0.00038821827111438226,13.409289820908807,-9.363919124975789,-0.026253738584476403,1.5336466963106787,3.9090395503075652,5860.097448377715,4.1491302596079674e-07,-0.0007719542920562117,-0.0019675977954613072,36669.25034704894,-86218.30637497507,-0.1996277694314722,0.0003708365685196618
2026-07-17 09:15:00,374.95,374.95,346.15,346.15,180,18600,FINNIFTY,FINNIFTY28JUL2626600CE,26600.0,2026-07-28,OPT,CE,0.16257007419418604,0.5485004738940484,0.000519753466695081,18.55801287753512,-13.396384963837386,-0.1067888555936072,-0.22730870112520676,-0.598914837159153,129.8293130842263,-1.0262157747493195e-07,-0.003160742958370067,-0.008327951569136953,30419.44681519398,-2443.9853557913407,-0.5371750890740571,0.0005229570210770637
2026-07-17 09:15:00,65.25,65.25,65.25,65.25,0,0,FINNIFTY,FINNIFTY28JUL2625850PE,25850.0,2026-07-28,OPT,PE,0.17666131240120553,-0.150040996320557,0.0002816713703144934,10.928929694161493,-8.573035616996448,-0.020129922945202394,-1.326948692461888,-3.7993035302397336,6444.1936975611325,-3.631078971718342e-07,6.644785750602529e-05,0.00019025270610209335,36163.68977624259,-71468.84204583288,0.15739347611898044,0.00030009135768933805
2026-07-17 09:15:00,325.0,325.0,325.0,325.0,0,0,FINNIFTY,FINNIFTY28JUL2626650CE,26650.0,2026-07-28,OPT,CE,0.16527769521228136,0.5221932906690515,0.0005142524556811588,18.66741125405637,-13.699789266162025,-0.1002639840182654,-0.0641772386386056,-0.17191100633589115,16.740313544933624,-5.6226621931394814e-08,-0.003106833338687174,-0.008322247218818843,30299.51791009502,-361.29763841798433,-0.5106222533822902,0.0005154823789929215
2026-07-17 09:15:00,17.55,17.55,14.0,14.0,1320,48000,FINNIFTY,FINNIFTY28JUL2628000CE,28000.0,2026-07-28,OPT,CE,0.16109912983657332,0.045512295883302425,0.00012669602754422754,4.482803123367403,-3.206700532409968,-0.004319063926939167,1.0202630047980712,2.663874384366646,8080.720725716566,2.788568673802015e-07,0.0014973805710498849,0.003909613235126125,28363.881468621446,-4830.184138125859,-0.0428697232826392,0.00011504793081080406
2026-07-17 09:15:00,30.35,30.35,30.35,30.35,0,0,FINNIFTY,FINNIFTY28JUL2625500PE,25500.0,2026-07-28,OPT,PE,0.1833645254139279,-0.07739679495108466,0.0001687184905858752,6.7947185673508645,-5.532256852944291,-0.009363113584478645,-1.0995377567035514,-3.2676375168361522,7331.643184938198,-2.856710193458301e-07,0.0009003816092098141,0.002675779624470438,32800.73216918948,-40862.93602164936,0.08217410483786709,0.0001847201179318275
2026-07-17 09:15:00,309.95,309.95,309.95,309.95,0,0,FINNIFTY,FINNIFTY28JUL2626700CE,26700.0,2026-07-28,OPT,CE,0.17053934148944735,0.49691834425271275,0.0004991439257209335,18.69579103170645,-14.15741524294483,-0.09562099029680388,0.08813901897611409,0.24361341617028798,3.1907540122937386,-1.3882961987640794e-08,-0.002926003134310857,-0.008087378638371412,30309.490637903247,-113.80127140433915,-0.48497193721345483,0.0004984655449679308
2026-07-17 09:15:00,50.25,50.25,50.25,50.25,0,0,FINNIFTY,FINNIFTY28JUL2627500CE,27500.0,2026-07-28,OPT,CE,0.1555644858209222,0.13748452763219027,0.00030154994108924556,10.30298764266776,-7.116872414657207,-0.015502354452044974,1.5813999446402074,3.9871317349917725,8090.736991618259,4.402439813935437e-07,0.0004295893310115653,0.0010831094692366338,37097.18355873159,-92523.47657283986,-0.13156696522192685,0.00028387407817791037
2026-07-17 09:15:00,1.2,1.5,1.2,1.3,840,40440,FINNIFTY,FINNIFTY28JUL2630000CE,30000.0,2026-07-28,OPT,CE,0.24712856706503566,0.003695671399369751,9.528845985336857e-06,0.5171978747234929,-0.5675383667100771,-0.0004010559360725543,0.1215594245001762,0.48687782419281306,1526.0047579370305,2.1681833600669257e-08,0.00024259263693470685,0.0009716480291151423,6950.288644087341,26498.71320801277,-0.003243578330909181,7.537540778539572e-06
2026-07-17 09:15:00,194.25,194.25,194.25,194.25,0,0,FINNIFTY,FINNIFTY28JUL2626450PE,26450.0,2026-07-28,OPT,PE,0.15892643120192743,-0.371982637123938,0.00050781282212297,17.725286628672126,-12.508491600781966,-0.05992701198630137,-0.7108447304327232,-1.8309618158042384,1088.0447360582416,-2.417146309484056e-07,-0.0028835551725921323,-0.007427331439268063,31530.29068024283,-19925.449683260664,0.38258733180889776,0.0005167544037977047
2026-07-17 09:16:00,213.5,213.5,206.5,207.75,420,25560,FINNIFTY,FINNIFTY28JUL2626900CE,26900.0,2026-07-28,OPT,CE,0.15548313849539558,0.40412482219829227,0.0005310167108128358,18.17399866501503,-12.548046460110516,-0.06408787100456902,0.6726526233600587,1.6951546721388757,765.8836139946192,1.5678076448488006e-07,-0.003191489203144332,-0.008042885206878889,31386.91447945285,-14510.799651671132,-0.39358266521370056,0.0005236339798703347
2026-07-17 09:16:00,486.0,486.0,486.0,486.0,0,1440,FINNIFTY,FINNIFTY28JUL2626400CE,26400.0,2026-07-28,OPT,CE,0.16375344323804367,0.6639739828739002,0.00047476086608132066,17.112929418107296,-12.443917624246758,-0.14992397260274085,-0.8788825253068473,-2.332686964266149,1745.592467046907,-2.793729389729521e-07,-0.0024149655148876705,-0.006409683221047049,32370.07019214244,-30251.85901136816,-0.6534206599023342,0.0004860615333390709
2026-07-17 09:16:00,65.25,65.25,65.25,65.25,0,600,FINNIFTY,FINNIFTY28JUL2625850PE,25850.0,2026-07-28,OPT,PE,0.18083789108232912,-0.14707780638819956,0.0002712188125859171,10.796133568984196,-8.669618965399861,-0.02012868150685184,-1.2944724031129426,-3.7941755582631047,6371.152954852263,-3.4550199597967714e-07,0.00010076154488434011,0.00029533807742337617,36172.83355638515,-68128.92148506329,0.15450846582103794,0.00028961623825306406
2026-07-17 09:16:00,246.0,262.6,246.0,255.4,360,16560,FINNIFTY,FINNIFTY28JUL2626800CE,26800.0,2026-07-28,OPT,CE,0.1585141523761662,0.4586865437265817,0.0005335503846465981,18.616690773258064,-13.104270690390903,-0.07878720700152252,0.32938896526502004,0.8462764992869852,160.32397834317285,5.4454331309266495e-08,-0.003319999429917653,-0.008529847054605844,30586.24230506972,-3077.875275951797,-0.44765654836995356,0.0005300661147141939
2026-07-17 09:16:00,13.25,13.25,13.1,13.1,0,9780,FINNIFTY,FINNIFTY28JUL2625000PE,25000.0,2026-07-28,OPT,PE,0.2082115050137111,-0.033632758878522344,7.655159355584876e-05,3.5084715898216743,-3.243881756571637,-0.004041160578386754,-0.6440847237777833,-2.1736164610591344,5529.665588940072,-1.462648590416137e-07,0.0008388590562747354,0.0028309285811541386,24347.772538176545,7467.885415310724,0.03646040106514788,8.739737954608577e-05
2026-07-17 09:16:00,713.35,713.35,713.35,713.35,0,3000,FINNIFTY,FINNIFTY28JUL2626100CE,26100.0,2026-07-28,OPT,CE,0.17166152726141126,0.7835523542091302,0.0003642106836801113,13.762098384691999,-10.490591066161224,-0.22005816019788552,-1.2885734424229371,-3.5852326315636813,4741.234659898975,-3.682870043526335e-07,-0.000866922596723408,-0.0024120621149605636,35497.57014404768,-66567.24871186071,-0.7746043957455251,0.0003815011569748224
2026-07-17 09:16:00,410.95,434.55,410.95,422.4,840,19920,FINNIFTY,FINNIFTY28JUL2626500CE,26500.0,2026-07-28,OPT,CE,0.16334970170125812,0.6150600057540926,0.0004987465033798464,17.93317616292112,-13.008220446983346,-0.1303042922374445,-0.6173799677905611,-1.6345795894590547,847.3351814723824,-2.090439486498768e-07,-0.002817588374409097,-0.007459867000201426,31309.888355378826,-15216.698614541176,-0.604048986592654,0.0005067716471285671
2026-07-17 09:16:00,206.6,206.6,206.6,206.6,0,2100,FINNIFTY,FINNIFTY28JUL2626850CE,26850.0,2026-07-28,OPT,CE,0.14380989930179167,0.4243176452104347,0.0005806061644921327,18.37931959832774,-11.737092836333352,-0.06373311263318124,0.5887120179252909,1.3722298932340709,527.1658776919882,1.4250424312890134e-07,-0.0038707843995785343,-0.009022418265019715,31018.368471041875,-10902.633149013682,-0.41444772625835963,0.0005746683188827109
2026-07-17 09:16:00,397.0,402.0,396.95,402.0,60,1260,FINNIFTY,FINNIFTY28JUL2626550CE,26550.0,2026-07-28,OPT,CE,0.16837103372685394,0.5874280315265097,0.0004928489598255056,18.265864330920348,-13.656830952906747,-0.12401118721461188,-0.44248452362002555,-1.207537581326634,458.65893314836336,-1.562914877534881e-07,-0.00280340482335912,-0.007650474760526261,30857.383294655046,-8113.466831230011,-0.5758788390940551,0.0004988948104185693
2026-07-17 09:16:00,14.0,15.4,14.0,15.1,960,48900,FINNIFTY,FINNIFTY28JUL2628000CE,28000.0,2026-07-28,OPT,CE,0.1603738274145433,0.04873114327988669,0.00013428680538822213,4.740518451978433,-3.3759939768878375,-0.004658131659055447,1.0618883905265064,2.760244536760921,8256.672006222687,2.907516300904335e-07,0.0015015685745389067,0.0039031375532676033,29145.708654453818,-10657.9696329509,-0.045950834114017285,0.00012221977293399802
