datetime,name,open,high,low,close,volume,oi,iv,expiry,strike,type,segment,symbol,delta,gamma,theta,vega,rho,atp,ltp,ltt,ltq,cp,bid_px,bid_qty,ask_px,ask_qty,bid_px_2,bid_qty_2,ask_px_2,ask_qty_2,bid_px_3,bid_qty_3,ask_px_3,ask_qty_3,bid_px_4,bid_qty_4,ask_px_4,ask_qty_4,bid_px_5,bid_qty_5,ask_px_5,ask_qty_5,ohlc_vol,ohlc_ts,tbq,tsq,vtt
2026-08-07 09:46:13.219,BANKEX,,,,,0,270,0.13963699340820312,2026-08-27,65300.0,PE,BFO-OPT,BANKEX 65300 PE 27 AUG 26,-0.4021,0.0002,-20.6785,59.9422,-15.0223,0.0,633.3,1785997313488,30,633.3,525.55,30,848.75,360,525.45,120,848.8,150,495.05,150,849.7,120,492.85,180,0.0,0,0.05,300,0.0,0,,,780,630,0
2026-08-07 09:46:13.219,BANKEX,,,,,0,0,0.0,2026-09-24,66800.0,PE,BFO-OPT,BANKEX 66800 PE 24 SEP 26,-1.0,0.0,0.0,0.0,-88.286,0.0,0.0,0,0,1474.6,0.0,0,0.0,0,0.0,0,0.0,0,0.0,0,0.0,0,0.0,0,0.0,0,0.0,0,0.0,0,,,0,0,0
2026-08-07 09:46:13.219,BANKEX,,,,,0,0,0.0,2026-10-29,66300.0,CE,BFO-OPT,BANKEX 66300 CE 29 OCT 26,0.0,0.0,0.0,0.0,0.0,0.0,0.0,0,0,1856.2,0.0,0,0.0,0,0.0,0,0.0,0,0.0,0,0.0,0,0.0,0,0.0,0,0.0,0,0.0,0,,,0,0,0
2026-08-07 09:46:13.219,BANKEX,,,,,0,0,0.0,2026-09-24,66500.0,CE,BFO-OPT,BANKEX 66500 CE 24 SEP 26,0.0,0.0,0.0,0.0,0.0,0.0,0.0,0,0,1195.15,0.0,0,0.0,0,0.0,0,0.0,0,0.0,0,0.0,0,0.0,0,0.0,0,0.0,0,0.0,0,,,0,0,0
2026-08-07 09:46:13.219,BANKEX,,,,,0,0,0.0,2026-08-27,53900.0,PE,BFO-OPT,BANKEX 53900 PE 27 AUG 26,0.0,0.0,0.0,0.0,0.0,0.0,0.0,0,0,0.05,0.0,0,20.05,30,0.0,0,0.0,0,0.0,0,0.0,0,0.0,0,0.0,0,0.0,0,0.0,0,,,0,30,0
2026-08-07 09:46:13.219,BANKEX,,,,,0,0,0.0,2026-08-27,67800.0,PE,BFO-OPT,BANKEX 67800 PE 27 AUG 26,-1.0,0.0,0.0,0.0,-37.5966,0.0,0.0,0,0,1936.9,0.0,0,0.0,0,0.0,0,0.0,0,0.0,0,0.0,0,0.0,0,0.0,0,0.0,0,0.0,0,,,0,0,0
2026-08-07 09:46:13.219,BANKEX,,,,,0,0,0.0,2026-10-29,65900.0,PE,BFO-OPT,BANKEX 65900 PE 29 OCT 26,-1.0,0.0,0.0,0.0,-150.2882,0.0,0.0,0,0,1250.8,0.0,0,0.0,0,0.0,0,0.0,0,0.0,0,0.0,0,0.0,0,0.0,0,0.0,0,0.0,0,,,0,0,0
2026-08-07 09:46:13.219,BANKEX,,,,,0,690,0.13427734375,2026-08-27,66600.0,PE,BFO-OPT,BANKEX 66600 PE 27 AUG 26,-0.6432,0.0002,-19.1699,57.7873,-24.1847,0.0,1296.05,1785994519097,60,1296.05,1228.95,30,1345.3,30,1228.9,270,1345.35,270,1142.1,600,1394.7,600,1107.95,180,1404.95,180,1107.75,150,1408.1,150,,,1230,1230,0
2026-08-07 09:46:13.219,BANKEX,,,,,0,0,0.0,2026-09-24,69500.0,CE,BFO-OPT,BANKEX 69500 CE 24 SEP 26,0.0,0.0,0.0,0.0,0.0,0.0,0.0,0,0,286.45,0.0,0,0.0,0,0.0,0,0.0,0,0.0,0,0.0,0,0.0,0,0.0,0,0.0,0,0.0,0,,,0,0,0
2026-08-07 09:46:13.219,BANKEX,,,,,0,0,0.0,2026-08-27,56200.0,CE,BFO-OPT,BANKEX 56200 CE 27 AUG 26,1.0,0.0,0.0,0.0,31.164,0.0,0.0,0,0,9870.7,0.0,0,0.0,0,0.0,0,0.0,0,0.0,0,0.0,0,0.0,0,0.0,0,0.0,0,0.0,0,,,0,0,0
2026-08-07 09:46:13.219,BANKEX,,,,,0,0,0.0,2026-09-24,69500.0,PE,BFO-OPT,BANKEX 69500 PE 24 SEP 26,-1.0,0.0,0.0,0.0,-91.8544,0.0,0.0,0,0,3382.05,0.0,0,0.0,0,0.0,0,0.0,0,0.0,0,0.0,0,0.0,0,0.0,0,0.0,0,0.0,0,,,0,0,0
2026-08-07 09:46:13.219,BANKEX,,,,,0,0,0.0,2026-09-24,59900.0,PE,BFO-OPT,BANKEX 59900 PE 24 SEP 26,0.0,0.0,0.0,0.0,0.0,0.0,0.0,0,0,16.45,0.0,0,0.0,0,0.0,0,0.0,0,0.0,0,0.0,0,0.0,0,0.0,0,0.0,0,0.0,0,,,0,0,0
2026-08-07 09:46:13.219,BANKEX,,,,,0,0,0.0,2026-09-24,65300.0,PE,BFO-OPT,BANKEX 65300 PE 24 SEP 26,0.0,0.0,0.0,0.0,0.0,0.0,0.0,0,0,778.15,0.0,0,0.0,0,0.0,0,0.0,0,0.0,0,0.0,0,0.0,0,0.0,0,0.0,0,0.0,0,,,0,0,0
2026-08-07 09:46:13.219,BANKEX,,,,,0,0,0.0,2026-10-29,69900.0,CE,BFO-OPT,BANKEX 69900 CE 29 OCT 26,0.0,0.0,0.0,0.0,0.0,0.0,0.0,0,0,557.65,0.0,0,0.0,0,0.0,0,0.0,0,0.0,0,0.0,0,0.0,0,0.0,0,0.0,0,0.0,0,,,0,0,0
2026-08-07 09:46:13.219,BANKEX,,,,,0,0,0.0,2026-10-29,64100.0,PE,BFO-OPT,BANKEX 64100 PE 29 OCT 26,-1.0,0.0,0.0,0.0,-146.1832,0.0,0.0,0,0,630.4,0.0,0,0.0,0,0.0,0,0.0,0,0.0,0,0.0,0,0.0,0,0.0,0,0.0,0,0.0,0,,,0,0,0
2026-08-07 09:46:13.219,BANKEX,,,,,0,0,0.0,2026-09-24,61100.0,CE,BFO-OPT,BANKEX 61100 CE 24 SEP 26,1.0,0.0,0.0,0.0,80.7525,0.0,0.0,0,0,5292.45,0.0,0,0.0,0,0.0,0,0.0,0,0.0,0,0.0,0,0.0,0,0.0,0,0.0,0,0.0,0,,,0,0,0
2026-08-07 09:46:13.219,BANKEX,,,,,0,0,0.0,2026-09-24,60600.0,PE,BFO-OPT,BANKEX 60600 PE 24 SEP 26,0.0,0.0,0.0,0.0,0.0,0.0,0.0,0,0,32.05,0.0,0,0.0,0,0.0,0,0.0,0,0.0,0,0.0,0,0.0,0,0.0,0,0.0,0,0.0,0,,,0,0,0
2026-08-07 09:46:13.219,BANKEX,,,,,0,0,0.0,2026-10-29,65700.0,CE,BFO-OPT,BANKEX 65700 CE 29 OCT 26,0.0,0.0,0.0,0.0,0.0,0.0,0.0,0,0,2186.75,0.0,0,0.0,0,0.0,0,0.0,0,0.0,0,0.0,0,0.0,0,0.0,0,0.0,0,0.0,0,,,0,0,0
2026-08-07 09:46:13.219,BANKEX,,,,,0,0,0.0,2026-08-27,66900.0,PE,BFO-OPT,BANKEX 66900 PE 27 AUG 26,-1.0,0.0,0.0,0.0,-37.0963,0.0,0.0,0,0,1282.65,0.05,300,1578.75,120,0.0,0,1621.95,150,0.0,0,1623.1,180,0.0,0,0.0,0,0.0,0,0.0,0,,,300,450,0
2026-08-07 09:46:13.219,BANKEX,,,,,0,0,0.0,2026-10-29,65500.0,CE,BFO-OPT,BANKEX 65500 CE 29 OCT 26,0.0,0.0,0.0,0.0,0.0,0.0,0.0,0,0,2304.5,0.0,0,0.0,0,0.0,0,0.0,0,0.0,0,0.0,0,0.0,0,0.0,0,0.0,0,0.0,0,,,0,0,0
2026-08-07 09:46:13.219,BANKEX,,,,,0,0,0.0,2026-10-29,67200.0,PE,BFO-OPT,BANKEX 67200 PE 29 OCT 26,-1.0,0.0,0.0,0.0,-153.253,0.0,0.0,0,0,1886.0,0.0,0,0.0,0,0.0,0,0.0,0,0.0,0,0.0,0,0.0,0,0.0,0,0.0,0,0.0,0,,,0,0,0
2026-08-07 09:46:13.219,BANKEX,,,,,0,0,0.0,2026-09-24,58500.0,PE,BFO-OPT,BANKEX 58500 PE 24 SEP 26,0.0,0.0,0.0,0.0,0.0,0.0,0.0,0,0,3.65,0.0,0,0.0,0,0.0,0,0.0,0,0.0,0,0.0,0,0.0,0,0.0,0,0.0,0,0.0,0,,,0,0,0
2026-08-07 09:46:13.219,BANKEX,,,,,0,0,0.0,2026-09-24,65400.0,PE,BFO-OPT,BANKEX 65400 PE 24 SEP 26,0.0,0.0,0.0,0.0,0.0,0.0,0.0,0,0,815.9,0.0,0,0.0,0,0.0,0,0.0,0,0.0,0,0.0,0,0.0,0,0.0,0,0.0,0,0.0,0,,,0,0,0
2026-08-07 09:46:13.219,BANKEX,,,,,0,0,0.0,2026-08-27,63900.0,PE,BFO-OPT,BANKEX 63900 PE 27 AUG 26,0.0,0.0,0.0,0.0,0.0,0.0,0.0,0,0,142.35,0.25,30,0.0,0,0.2,900,0.0,0,0.05,300,0.0,0,0.0,0,0.0,0,0.0,0,0.0,0,,,1230,0,0
2026-08-07 09:46:13.219,BANKEX,,,,,0,0,0.0,2026-08-27,69100.0,CE,BFO-OPT,BANKEX 69100 CE 27 AUG 26,0.0,0.0,0.0,0.0,0.0,0.0,0.0,0,0,73.3,0.05,300,0.0,0,0.0,0,0.0,0,0.0,0,0.0,0,0.0,0,0.0,0,0.0,0,0.0,0,,,300,0,0
2026-08-07 09:46:13.219,BANKEX,,,,,0,0,0.0,2026-10-29,61300.0,CE,BFO-OPT,BANKEX 61300 CE 29 OCT 26,0.0,0.0,0.0,0.0,0.0,0.0,0.0,0,0,5521.2,0.0,0,0.0,0,0.0,0,0.0,0,0.0,0,0.0,0,0.0,0,0.0,0,0.0,0,0.0,0,,,0,0,0
2026-08-07 09:46:13.219,BANKEX,123.7,123.7,123.7,123.7,30,870,0.13050079345703125,2026-08-27,68200.0,CE,BFO-OPT,BANKEX 68200 CE 27 AUG 26,0.1249,0.0001,-10.275,31.8704,4.487,123.7,123.7,1786075046951,30,125.0,34.0,30,116.25,120,0.05,300,125.0,150,0.0,0,132.0,30,0.0,0,0.0,0,0.0,0,0.0,0,30.0,1786041000000.0,330,300,30
2026-08-07 09:46:13.219,BANKEX,,,,,0,0,0.0,2026-08-27,58800.0,CE,BFO-OPT,BANKEX 58800 CE 27 AUG 26,1.0,0.0,0.0,0.0,32.606,0.0,0.0,0,0,7278.95,0.0,0,0.0,0,0.0,0,0.0,0,0.0,0,0.0,0,0.0,0,0.0,0,0.0,0,0.0,0,,,0,0,0
2026-08-07 09:46:13.219,BANKEX,,,,,0,0,0.0,2026-10-29,70800.0,PE,BFO-OPT,BANKEX 70800 PE 29 OCT 26,-1.0,0.0,0.0,0.0,-161.4629,0.0,0.0,0,0,4404.65,0.0,0,0.0,0,0.0,0,0.0,0,0.0,0,0.0,0,0.0,0,0.0,0,0.0,0,0.0,0,,,0,0,0
2026-08-07 09:46:13.219,BANKEX,,,,,0,0,0.0,2026-09-24,67600.0,CE,BFO-OPT,BANKEX 67600 CE 24 SEP 26,0.0,0.0,0.0,0.0,0.0,0.0,0.0,0,0,749.7,0.0,0,0.0,0,0.0,0,0.0,0,0.0,0,0.0,0,0.0,0,0.0,0,0.0,0,0.0,0,,,0,0,0
2026-08-07 09:46:13.219,BANKEX,,,,,0,0,0.0,2026-10-29,66300.0,PE,BFO-OPT,BANKEX 66300 PE 29 OCT 26,-1.0,0.0,0.0,0.0,-151.2004,0.0,0.0,0,0,1429.15,0.0,0,0.0,0,0.0,0,0.0,0,0.0,0,0.0,0,0.0,0,0.0,0,0.0,0,0.0,0,,,0,0,0
2026-08-07 09:46:13.219,BANKEX,,,,,0,0,0.0,2026-10-29,67900.0,PE,BFO-OPT,BANKEX 67900 PE 29 OCT 26,-1.0,0.0,0.0,0.0,-154.847,0.0,0.0,0,0,2293.4,0.0,0,0.0,0,0.0,0,0.0,0,0.0,0,0.0,0,0.0,0,0.0,0,0.0,0,0.0,0,,,0,0,0
2026-08-07 09:46:13.219,BANKEX,,,,,0,0,0.0,2026-10-29,70100.0,PE,BFO-OPT,BANKEX 70100 PE 29 OCT 26,-1.0,0.0,0.0,0.0,-159.8665,0.0,0.0,0,0,3840.8,0.0,0,0.0,0,0.0,0,0.0,0,0.0,0,0.0,0,0.0,0,0.0,0,0.0,0,0.0,0,,,0,0,0
2026-08-07 09:46:13.219,BANKEX,,,,,0,0,0.0,2026-09-24,61300.0,CE,BFO-OPT,BANKEX 61300 CE 24 SEP 26,1.0,0.0,0.0,0.0,81.0169,0.0,0.0,0,0,5103.15,0.0,0,0.0,0,0.0,0,0.0,0,0.0,0,0.0,0,0.0,0,0.0,0,0.0,0,0.0,0,,,0,0,0
2026-08-07 09:46:13.219,BANKEX,,,,,0,0,0.0,2026-10-29,67800.0,PE,BFO-OPT,BANKEX 67800 PE 29 OCT 26,-1.0,0.0,0.0,0.0,-154.6213,0.0,0.0,0,0,2232.45,0.0,0,0.0,0,0.0,0,0.0,0,0.0,0,0.0,0,0.0,0,0.0,0,0.0,0,0.0,0,,,0,0,0
2026-08-07 09:46:13.219,BANKEX,,,,,0,0,0.0,2026-09-24,63400.0,PE,BFO-OPT,BANKEX 63400 PE 24 SEP 26,0.0,0.0,0.0,0.0,0.0,0.0,0.0,0,0,273.1,0.0,0,0.0,0,0.0,0,0.0,0,0.0,0,0.0,0,0.0,0,0.0,0,0.0,0,0.0,0,,,0,0,0
2026-08-07 09:46:13.219,BANKEX,,,,,0,0,0.0,2026-08-27,68900.0,PE,BFO-OPT,BANKEX 68900 PE 27 AUG 26,-1.0,0.0,0.0,0.0,-38.2066,0.0,0.0,0,0,2878.8,0.0,0,0.0,0,0.0,0,0.0,0,0.0,0,0.0,0,0.0,0,0.0,0,0.0,0,0.0,0,,,0,0,0
2026-08-07 09:46:13.219,BANKEX,,,,,0,0,0.0,2026-08-27,71400.0,PE,BFO-OPT,BANKEX 71400 PE 27 AUG 26,-1.0,0.0,0.0,0.0,-39.593,0.0,0.0,0,0,5285.9,0.0,0,0.0,0,0.0,0,0.0,0,0.0,0,0.0,0,0.0,0,0.0,0,0.0,0,0.0,0,,,0,0,0
2026-08-07 09:46:13.219,BANKEX,,,,,0,0,0.0,2026-10-29,61000.0,CE,BFO-OPT,BANKEX 61000 CE 29 OCT 26,0.0,0.0,0.0,0.0,0.0,0.0,0.0,0,0,5792.15,0.0,0,0.0,0,0.0,0,0.0,0,0.0,0,0.0,0,0.0,0,0.0,0,0.0,0,0.0,0,,,0,0,0
2026-08-07 09:46:13.219,BANKEX,,,,,0,0,0.0,2026-08-27,56400.0,CE,BFO-OPT,BANKEX 56400 CE 27 AUG 26,1.0,0.0,0.0,0.0,31.2731,0.0,0.0,0,0,9671.35,0.0,0,0.0,0,0.0,0,0.0,0,0.0,0,0.0,0,0.0,0,0.0,0,0.0,0,0.0,0,,,0,0,0
2026-08-07 09:46:13.219,BANKEX,,,,,0,60,0.12734413146972656,2026-08-27,65900.0,CE,BFO-OPT,BANKEX 65900 CE 27 AUG 26,0.4855,0.0002,-19.4335,61.7718,17.3055,0.0,738.15,1786002497965,90,738.15,675.05,60,824.2,120,675.0,60,854.05,180,643.6,150,855.4,150,641.2,180,0.0,0,531.05,300,0.0,0,,,2850,450,0
2026-08-07 09:46:13.219,BANKEX,,,,,0,0,0.0,2026-08-27,63100.0,PE,BFO-OPT,BANKEX 63100 PE 27 AUG 26,0.0,0.0,0.0,0.0,0.0,0.0,0.0,0,0,60.1,0.05,300,0.0,0,0.0,0,0.0,0,0.0,0,0.0,0,0.0,0,0.0,0,0.0,0,0.0,0,,,300,0,0
2026-08-07 09:46:13.219,BANKEX,,,,,0,0,0.0,2026-10-29,62900.0,PE,BFO-OPT,BANKEX 62900 PE 29 OCT 26,-1.0,0.0,0.0,0.0,-143.4466,0.0,0.0,0,0,366.25,0.0,0,0.0,0,0.0,0,0.0,0,0.0,0,0.0,0,0.0,0,0.0,0,0.0,0,0.0,0,,,0,0,0
2026-08-07 09:46:13.219,BANKEX,,,,,0,0,0.0,2026-10-29,60200.0,PE,BFO-OPT,BANKEX 60200 PE 29 OCT 26,-1.0,0.0,0.0,0.0,-137.2979,0.0,0.0,0,0,80.15,0.0,0,0.0,0,0.0,0,0.0,0,0.0,0,0.0,0,0.0,0,0.0,0,0.0,0,0.0,0,,,0,0,0
2026-08-07 09:46:13.219,BANKEX,,,,,0,0,0.0,2026-09-24,62800.0,PE,BFO-OPT,BANKEX 62800 PE 24 SEP 26,0.0,0.0,0.0,0.0,0.0,0.0,0.0,0,0,184.1,0.0,0,0.0,0,0.0,0,0.0,0,0.0,0,0.0,0,0.0,0,0.0,0,0.0,0,0.0,0,,,0,0,0
2026-08-07 09:46:13.219,BANKEX,,,,,0,0,0.0,2026-09-24,71600.0,CE,BFO-OPT,BANKEX 71600 CE 24 SEP 26,0.0,0.0,0.0,0.0,0.0,0.0,0.0,0,0,77.75,0.0,0,0.0,0,0.0,0,0.0,0,0.0,0,0.0,0,0.0,0,0.0,0,0.0,0,0.0,0,,,0,0,0
2026-08-07 09:46:13.219,BANKEX,,,,,0,0,0.0,2026-09-24,60200.0,CE,BFO-OPT,BANKEX 60200 CE 24 SEP 26,1.0,0.0,0.0,0.0,79.5631,0.0,0.0,0,0,6158.05,0.0,0,0.0,0,0.0,0,0.0,0,0.0,0,0.0,0,0.0,0,0.0,0,0.0,0,0.0,0,,,0,0,0
2026-08-07 09:46:13.219,BANKEX,,,,,0,0,0.0,2026-08-27,59300.0,PE,BFO-OPT,BANKEX 59300 PE 27 AUG 26,0.0,0.0,0.0,0.0,0.0,0.0,0.0,0,0,0.1,0.0,0,0.0,0,0.0,0,0.0,0,0.0,0,0.0,0,0.0,0,0.0,0,0.0,0,0.0,0,,,0,0,0
2026-08-07 09:46:13.219,BANKEX,,,,,0,0,0.0,2026-10-29,60700.0,PE,BFO-OPT,BANKEX 60700 PE 29 OCT 26,-1.0,0.0,0.0,0.0,-138.4294,0.0,0.0,0,0,109.85,0.0,0,0.0,0,0.0,0,0.0,0,0.0,0,0.0,0,0.0,0,0.0,0,0.0,0,0.0,0,,,0,0,0
2026-08-07 09:46:13.219,BANKEX,,,,,0,0,0.0,2026-10-29,64900.0,PE,BFO-OPT,BANKEX 64900 PE 29 OCT 26,-1.0,0.0,0.0,0.0,-148.0174,0.0,0.0,0,0,870.35,0.0,0,0.0,0,0.0,0,0.0,0,0.0,0,0.0,0,0.0,0,0.0,0,0.0,0,0.0,0,,,0,0,0
