datetime,name,open,high,low,close,volume,oi,type,expiry,symbol,ltp,ltt,ltq,cp,atp,segment,bid_px,bid_qty,ask_px,ask_qty,bid_px_2,bid_qty_2,ask_px_2,ask_qty_2,bid_px_3,bid_qty_3,ask_px_3,ask_qty_3,bid_px_4,bid_qty_4,ask_px_4,ask_qty_4,bid_px_5,bid_qty_5,ask_px_5,ask_qty_5,ohlc_vol,ohlc_ts,tbq,tsq,vtt
2026-08-07 09:46:13.219,SENSEX,78993.0,79043.25,78905.0,79043.25,5140,37220,FUT,2026-08-27,SENSEX FUT 27 AUG 26,79043.25,1786076100283,20,79169.3,78977.79,BFO-FUT,78980.0,40,79016.25,40,78973.9,40,79017.95,20,78970.0,60,79018.35,20,78965.0,20,79019.1,40,78964.6,20,79020.05,40,5140.0,1786041000000.0,5900,4580,5140
2026-08-07 09:46:13.288,SENSEX,78993.0,79043.25,78905.0,79043.25,5140,37220,FUT,2026-08-27,SENSEX FUT 27 AUG 26,79043.25,1786076100283,20,79169.3,78977.79,BFO-FUT,78980.0,40,79016.25,40,78973.9,40,79017.95,20,78970.0,60,79018.35,20,78965.0,20,79019.1,40,78964.6,20,79020.05,40,5140.0,1786041000000.0,5900,4580,5140
2026-08-07 09:46:14.340,SENSEX,78993.0,79043.25,78905.0,79043.25,5140,37220,FUT,2026-08-27,SENSEX FUT 27 AUG 26,79043.25,1786076100283,20,79169.3,78977.79,BFO-FUT,78980.0,40,79014.7,40,78973.9,40,79015.45,20,78970.0,60,79016.5,80,78965.0,20,79016.55,40,78964.6,20,79016.8,20,5140.0,1786041000000.0,5780,4580,5140
2026-08-07 09:46:15.378,SENSEX,78993.0,79043.25,78905.0,79043.25,5140,37220,FUT,2026-08-27,SENSEX FUT 27 AUG 26,79043.25,1786076100283,20,79169.3,78977.79,BFO-FUT,78980.0,40,79010.0,40,78973.9,40,79011.5,20,78970.0,60,79012.85,40,78965.0,20,79012.9,40,78964.6,20,79013.1,40,5140.0,1786041000000.0,5920,4580,5140
2026-08-07 09:46:15.624,SENSEX,79359.45,79428.55,79325.0,79402.4,440,3620,FUT,2026-09-24,SENSEX FUT 24 SEP 26,79402.4,1786075199750,20,79559.45,79362.21,BFO-FUT,79333.0,20,79380.0,20,79330.8,20,79404.5,20,79330.0,80,79417.5,100,79306.95,40,79417.95,40,79305.0,20,79428.1,20,440.0,1786041000000.0,900,740,440
2026-08-07 09:46:16.429,SENSEX,78993.0,79043.25,78905.0,79043.25,5140,37220,FUT,2026-08-27,SENSEX FUT 27 AUG 26,79043.25,1786076100283,20,79169.3,78977.79,BFO-FUT,78980.0,40,79011.45,20,78973.9,40,79011.7,40,78970.0,60,79012.25,40,78965.0,20,79013.4,40,78955.7,40,79013.45,40,5140.0,1786041000000.0,5900,4500,5140
2026-08-07 09:46:16.442,SENSEX,79359.45,79428.55,79325.0,79402.4,440,3620,FUT,2026-09-24,SENSEX FUT 24 SEP 26,79402.4,1786075199750,20,79559.45,79362.21,BFO-FUT,79337.25,20,79380.0,20,79333.0,20,79404.85,20,79331.55,20,79417.15,100,79330.0,80,79417.45,100,79305.0,20,79417.9,40,440.0,1786041000000.0,920,840,440
2026-08-07 09:46:16.579,SENSEX,78993.0,79043.25,78905.0,79043.25,5140,37220,FUT,2026-08-27,SENSEX FUT 27 AUG 26,79043.25,1786076100283,20,79169.3,78977.79,BFO-FUT,78980.0,40,79011.45,20,78973.9,40,79011.7,40,78970.0,60,79012.8,40,78965.0,20,79013.4,40,78955.7,40,79013.45,40,5140.0,1786041000000.0,5900,4440,5140
2026-08-07 09:46:17.478,SENSEX,78993.0,79043.25,78905.0,79043.25,5140,37220,FUT,2026-08-27,SENSEX FUT 27 AUG 26,79043.25,1786076100283,20,79169.3,78977.79,BFO-FUT,78980.0,40,79010.6,40,78973.9,40,79010.75,20,78970.0,60,79010.9,20,78965.0,20,79011.55,40,78955.3,40,79011.95,20,5140.0,1786041000000.0,5840,4620,5140
2026-08-07 09:46:17.491,SENSEX,79359.45,79428.55,79325.0,79402.4,440,3620,FUT,2026-09-24,SENSEX FUT 24 SEP 26,79402.4,1786075199750,20,79559.45,79362.21,BFO-FUT,79333.0,20,79380.0,20,79332.35,20,79403.85,20,79331.3,20,79412.05,100,79330.0,80,79412.35,100,79305.0,20,79412.8,40,440.0,1786041000000.0,920,840,440
2026-08-07 09:46:17.631,SENSEX,78993.0,79043.25,78905.0,79043.25,5140,37220,FUT,2026-08-27,SENSEX FUT 27 AUG 26,79043.25,1786076100283,20,79169.3,78977.79,BFO-FUT,78980.0,40,79010.5,20,78973.9,40,79010.6,40,78970.0,60,79010.9,20,78965.0,20,79011.3,40,78955.3,40,79011.85,40,5140.0,1786041000000.0,5800,4620,5140
2026-08-07 09:46:17.645,SENSEX,79359.45,79428.55,79325.0,79402.4,440,3620,FUT,2026-09-24,SENSEX FUT 24 SEP 26,79402.4,1786075199750,20,79559.45,79362.21,BFO-FUT,79333.0,20,79380.0,20,79332.35,20,79403.45,20,79331.3,20,79412.0,100,79330.0,80,79412.3,100,79305.0,20,79412.75,40,440.0,1786041000000.0,920,840,440
2026-08-07 09:46:17.944,SENSEX,,,,,0,760,FUT,2026-10-29,SENSEX FUT 29 OCT 26,80120.0,1786010376279,20,80195.25,0.0,BFO-FUT,79821.1,20,80086.8,20,79820.0,20,80167.0,20,79801.1,20,80168.1,20,79800.0,40,80180.0,20,79700.0,20,80399.7,20,,,280,220,0
2026-08-07 09:46:18.525,SENSEX,78993.0,79043.25,78905.0,79043.25,5140,37220,FUT,2026-08-27,SENSEX FUT 27 AUG 26,79043.25,1786076100283,20,79169.3,78977.79,BFO-FUT,78980.0,40,79007.85,20,78973.9,40,79007.95,20,78970.0,60,79008.25,20,78965.0,20,79008.8,40,78952.55,20,79009.0,40,5140.0,1786041000000.0,5820,4600,5140
2026-08-07 09:46:18.544,SENSEX,79359.45,79428.55,79325.0,79402.4,440,3620,FUT,2026-09-24,SENSEX FUT 24 SEP 26,79402.4,1786075199750,20,79559.45,79362.21,BFO-FUT,79333.0,20,79380.0,20,79330.0,80,79401.0,20,79327.4,20,79409.75,100,79305.0,20,79410.05,100,79302.8,40,79410.5,40,440.0,1786041000000.0,860,840,440
2026-08-07 09:46:18.696,SENSEX,79359.45,79428.55,79325.0,79402.4,440,3620,FUT,2026-09-24,SENSEX FUT 24 SEP 26,79402.4,1786075199750,20,79559.45,79362.21,BFO-FUT,79333.0,20,79380.0,20,79330.0,80,79401.0,20,79327.4,20,79409.7,100,79305.0,20,79410.0,100,79302.8,40,79410.45,40,440.0,1786041000000.0,860,840,440
2026-08-07 09:46:19.594,SENSEX,79359.45,79428.55,79325.0,79402.4,440,3620,FUT,2026-09-24,SENSEX FUT 24 SEP 26,79402.4,1786075199750,20,79559.45,79362.21,BFO-FUT,79333.0,20,79380.0,20,79330.0,80,79398.65,20,79329.55,20,79408.2,100,79326.5,20,79408.5,100,79305.0,20,79408.95,40,440.0,1786041000000.0,880,860,440
2026-08-07 09:46:19.734,SENSEX,78993.0,79043.25,78905.0,79043.25,5140,37220,FUT,2026-08-27,SENSEX FUT 27 AUG 26,79043.25,1786076100283,20,79169.3,78977.79,BFO-FUT,78980.0,40,79005.85,20,78973.9,40,79006.65,20,78970.0,60,79006.75,40,78965.0,20,79006.95,40,78952.55,20,79007.2,40,5140.0,1786041000000.0,5860,4600,5140
2026-08-07 09:46:19.747,SENSEX,79359.45,79428.55,79325.0,79402.4,440,3620,FUT,2026-09-24,SENSEX FUT 24 SEP 26,79402.4,1786075199750,20,79559.45,79362.21,BFO-FUT,79333.0,20,79380.0,20,79330.0,80,79398.65,20,79329.6,20,79408.2,100,79326.5,20,79408.5,100,79305.0,20,79408.95,40,440.0,1786041000000.0,880,860,440
2026-08-07 09:46:20.643,SENSEX,79359.45,79428.55,79325.0,79402.4,440,3620,FUT,2026-09-24,SENSEX FUT 24 SEP 26,79402.4,1786075199750,20,79559.45,79362.21,BFO-FUT,79333.0,20,79380.0,20,79330.0,80,79398.3,20,79329.45,20,79407.4,100,79325.2,20,79408.0,100,79305.0,20,79408.75,40,440.0,1786041000000.0,880,860,440
2026-08-07 09:46:20.782,SENSEX,78993.0,79043.25,78905.0,79043.25,5140,37220,FUT,2026-08-27,SENSEX FUT 27 AUG 26,79043.25,1786076100283,20,79169.3,78977.79,BFO-FUT,78980.0,40,79005.9,20,78973.9,40,79006.2,20,78970.0,60,79006.7,40,78965.0,20,79007.15,20,78952.55,20,79007.3,40,5140.0,1786041000000.0,5840,4640,5140
2026-08-07 09:46:20.793,SENSEX,79359.45,79428.55,79325.0,79402.4,440,3620,FUT,2026-09-24,SENSEX FUT 24 SEP 26,79402.4,1786075199750,20,79559.45,79362.21,BFO-FUT,79333.0,20,79380.0,20,79330.0,80,79398.9,20,79329.45,20,79407.4,100,79325.8,20,79407.95,100,79305.0,20,79408.7,40,440.0,1786041000000.0,880,860,440
2026-08-07 09:46:21.842,SENSEX,78993.0,79043.25,78905.0,79043.25,5140,37220,FUT,2026-08-27,SENSEX FUT 27 AUG 26,79043.25,1786076100283,20,79169.3,78977.79,BFO-FUT,78980.0,40,79005.15,20,78973.9,40,79005.4,20,78970.0,60,79006.2,80,78965.0,20,79006.75,40,78952.55,20,79006.95,40,5140.0,1786041000000.0,5860,4640,5140
2026-08-07 09:46:21.846,SENSEX,79359.45,79428.55,79325.0,79402.4,440,3620,FUT,2026-09-24,SENSEX FUT 24 SEP 26,79402.4,1786075199750,20,79559.45,79362.21,BFO-FUT,79333.0,20,79380.0,20,79330.0,80,79398.3,20,79329.4,20,79406.7,100,79324.8,20,79406.75,100,79305.0,20,79407.45,40,440.0,1786041000000.0,880,860,440
2026-08-07 09:46:22.879,SENSEX,78993.0,79043.25,78905.0,79043.25,5140,37220,FUT,2026-08-27,SENSEX FUT 27 AUG 26,79043.25,1786076100283,20,79169.3,78977.79,BFO-FUT,78980.0,40,79005.1,20,78973.9,40,79005.6,20,78970.0,60,79006.4,40,78965.0,20,79006.55,20,78952.55,20,79006.7,40,5140.0,1786041000000.0,5720,4660,5140
2026-08-07 09:46:22.893,SENSEX,79359.45,79428.55,79325.0,79402.4,440,3620,FUT,2026-09-24,SENSEX FUT 24 SEP 26,79402.4,1786075199750,20,79559.45,79362.21,BFO-FUT,79333.0,20,79380.0,20,79330.0,80,79398.35,20,79329.5,20,79406.5,100,79325.8,20,79406.8,100,79305.0,20,79407.25,40,440.0,1786041000000.0,880,860,440
2026-08-07 09:46:23.927,SENSEX,78993.0,79043.25,78905.0,79043.25,5140,37220,FUT,2026-08-27,SENSEX FUT 27 AUG 26,79043.25,1786076100283,20,79169.3,78977.79,BFO-FUT,78980.0,40,79004.5,20,78973.9,40,79004.7,20,78970.0,60,79005.5,40,78965.0,20,79005.85,40,78952.55,20,79006.05,40,5140.0,1786041000000.0,5780,4600,5140
2026-08-07 09:46:23.942,SENSEX,79359.45,79428.55,79325.0,79402.4,440,3620,FUT,2026-09-24,SENSEX FUT 24 SEP 26,79402.4,1786075199750,20,79559.45,79362.21,BFO-FUT,79333.0,20,79380.0,20,79330.0,80,79397.55,20,79325.1,20,79406.25,100,79324.45,20,79406.55,100,79305.0,20,79407.0,40,440.0,1786041000000.0,880,860,440
2026-08-07 09:46:24.076,SENSEX,78993.0,79043.25,78905.0,79043.25,5140,37220,FUT,2026-08-27,SENSEX FUT 27 AUG 26,79043.25,1786076100283,20,79169.3,78977.79,BFO-FUT,78980.0,40,79004.3,20,78973.9,40,79004.5,20,78970.0,60,79005.5,40,78965.0,20,79005.8,40,78952.55,20,79006.0,40,5140.0,1786041000000.0,5820,4620,5140
2026-08-07 09:46:24.090,SENSEX,79359.45,79428.55,79325.0,79402.4,440,3620,FUT,2026-09-24,SENSEX FUT 24 SEP 26,79402.4,1786075199750,20,79559.45,79362.21,BFO-FUT,79333.0,20,79380.0,20,79330.0,80,79397.55,20,79324.45,20,79406.25,100,79324.3,20,79406.55,100,79305.0,20,79407.0,40,440.0,1786041000000.0,880,860,440
2026-08-07 09:46:24.975,SENSEX,78993.0,79043.25,78905.0,79043.25,5140,37220,FUT,2026-08-27,SENSEX FUT 27 AUG 26,79043.25,1786076100283,20,79169.3,78977.79,BFO-FUT,78980.0,40,79004.4,20,78973.9,40,79005.15,40,78970.0,60,79005.8,40,78965.0,20,79005.85,20,78952.55,20,79006.0,40,5140.0,1786041000000.0,5760,4500,5140
2026-08-07 09:46:24.992,SENSEX,79359.45,79428.55,79325.0,79402.4,440,3620,FUT,2026-09-24,SENSEX FUT 24 SEP 26,79402.4,1786075199750,20,79559.45,79362.21,BFO-FUT,79333.0,20,79380.0,20,79330.0,80,79397.4,20,79324.7,20,79405.75,100,79321.1,20,79406.05,100,79305.0,20,79406.5,40,440.0,1786041000000.0,880,840,440
2026-08-07 09:46:25.134,SENSEX,78993.0,79043.25,78905.0,79043.25,5140,37220,FUT,2026-08-27,SENSEX FUT 27 AUG 26,79043.25,1786076100283,20,79169.3,78977.79,BFO-FUT,78980.0,40,79003.75,20,78973.9,40,79004.0,20,78970.0,60,79004.55,40,78965.0,20,79004.95,40,78952.55,20,79005.15,40,5140.0,1786041000000.0,5800,4600,5140
2026-08-07 09:46:25.145,SENSEX,79359.45,79428.55,79325.0,79402.4,440,3620,FUT,2026-09-24,SENSEX FUT 24 SEP 26,79402.4,1786075199750,20,79559.45,79362.21,BFO-FUT,79333.0,20,79380.0,20,79330.0,80,79396.55,20,79325.2,20,79404.9,100,79324.7,20,79405.2,100,79305.0,20,79405.65,40,440.0,1786041000000.0,880,840,440
2026-08-07 09:46:26.024,SENSEX,78993.0,79043.25,78905.0,79043.25,5140,37220,FUT,2026-08-27,SENSEX FUT 27 AUG 26,79043.25,1786076100283,20,79169.3,78977.79,BFO-FUT,78980.0,40,79003.45,20,78973.9,40,79004.5,40,78970.0,60,79004.55,40,78965.0,20,79004.95,40,78952.55,20,79005.15,40,5140.0,1786041000000.0,5860,4480,5140
2026-08-07 09:46:26.043,SENSEX,79359.45,79428.55,79325.0,79402.4,440,3620,FUT,2026-09-24,SENSEX FUT 24 SEP 26,79402.4,1786075199750,20,79559.45,79362.21,BFO-FUT,79340.0,20,79380.0,20,79333.0,20,79396.25,20,79330.0,80,79405.2,100,79325.2,20,79405.7,100,79323.35,20,79406.45,40,440.0,1786041000000.0,880,860,440
2026-08-07 09:46:26.187,SENSEX,78993.0,79043.25,78905.0,79043.25,5140,37220,FUT,2026-08-27,SENSEX FUT 27 AUG 26,79043.25,1786076100283,20,79169.3,78977.79,BFO-FUT,78980.0,40,79003.45,20,78973.9,40,79004.5,80,78970.0,60,79004.95,40,78965.0,20,79005.15,40,78952.55,20,79005.65,40,5140.0,1786041000000.0,5880,4540,5140
2026-08-07 09:46:26.198,SENSEX,79359.45,79428.55,79325.0,79402.4,440,3620,FUT,2026-09-24,SENSEX FUT 24 SEP 26,79402.4,1786075199750,20,79559.45,79362.21,BFO-FUT,79340.0,20,79380.0,20,79333.0,20,79396.9,20,79330.0,80,79405.2,100,79325.2,20,79405.7,100,79323.35,20,79406.45,40,440.0,1786041000000.0,880,860,440
2026-08-07 09:46:27.093,SENSEX,79359.45,79428.55,79325.0,79402.4,440,3620,FUT,2026-09-24,SENSEX FUT 24 SEP 26,79402.4,1786075199750,20,79559.45,79362.21,BFO-FUT,79340.0,20,79380.0,20,79333.0,20,79397.7,20,79330.0,80,79405.6,100,79325.65,20,79405.9,100,79325.25,20,79406.35,40,440.0,1786041000000.0,880,860,440
2026-08-07 09:46:27.235,SENSEX,78993.0,79043.25,78905.0,79043.25,5140,37220,FUT,2026-08-27,SENSEX FUT 27 AUG 26,79043.25,1786076100283,20,79169.3,78977.79,BFO-FUT,78980.0,40,79005.25,20,78973.9,40,79005.75,20,78970.0,60,79006.0,40,78965.0,20,79006.05,40,78952.55,20,79007.1,80,5140.0,1786041000000.0,5900,4640,5140
2026-08-07 09:46:27.252,SENSEX,79359.45,79428.55,79325.0,79402.4,440,3620,FUT,2026-09-24,SENSEX FUT 24 SEP 26,79402.4,1786075199750,20,79559.45,79362.21,BFO-FUT,79340.0,20,79380.0,20,79333.0,20,79398.7,20,79330.0,80,79405.6,100,79328.95,20,79405.9,100,79325.25,20,79406.35,40,440.0,1786041000000.0,880,860,440
2026-08-07 09:46:28.304,SENSEX,79359.45,79428.55,79325.0,79402.4,440,3620,FUT,2026-09-24,SENSEX FUT 24 SEP 26,79402.4,1786075199750,20,79559.45,79362.21,BFO-FUT,79340.0,20,79380.0,20,79333.0,20,79398.8,20,79330.1,20,79402.4,100,79330.0,80,79402.7,100,79325.4,20,79403.15,40,440.0,1786041000000.0,880,860,440
2026-08-07 09:46:28.293,SENSEX,78993.0,79043.25,78905.0,79043.25,5140,37220,FUT,2026-08-27,SENSEX FUT 27 AUG 26,79043.25,1786076100283,20,79169.3,78977.79,BFO-FUT,78980.0,40,79005.05,20,78973.9,40,79005.65,20,78970.0,60,79005.75,20,78965.0,20,79006.55,20,78952.55,20,79006.85,40,5140.0,1786041000000.0,5820,4720,5140
2026-08-07 09:46:29.333,SENSEX,78993.0,79043.25,78905.0,79043.25,5140,37220,FUT,2026-08-27,SENSEX FUT 27 AUG 26,79043.25,1786076100283,20,79169.3,78977.79,BFO-FUT,78980.0,40,79004.2,20,78973.9,40,79005.65,20,78970.0,60,79007.05,40,78965.0,20,79008.25,40,78952.55,20,79008.8,40,5140.0,1786041000000.0,5840,4680,5140
2026-08-07 09:46:29.343,SENSEX,79359.45,79428.55,79325.0,79402.4,440,3620,FUT,2026-09-24,SENSEX FUT 24 SEP 26,79402.4,1786075199750,20,79559.45,79362.21,BFO-FUT,79340.0,20,79380.0,20,79333.0,20,79400.65,20,79331.1,20,79402.7,100,79330.0,80,79402.9,100,79327.55,20,79403.65,40,440.0,1786041000000.0,880,860,440
2026-08-07 09:46:30.383,SENSEX,78993.0,79043.25,78905.0,79043.25,5140,37220,FUT,2026-08-27,SENSEX FUT 27 AUG 26,79043.25,1786076100283,20,79169.3,78977.79,BFO-FUT,78980.0,40,79005.7,20,78973.9,40,79006.3,20,78970.0,60,79007.55,20,78965.0,20,79008.6,20,78952.55,20,79009.25,40,5140.0,1786041000000.0,5800,4700,5140
2026-08-07 09:46:30.394,SENSEX,79359.45,79428.55,79325.0,79402.4,440,3620,FUT,2026-09-24,SENSEX FUT 24 SEP 26,79402.4,1786075199750,20,79559.45,79362.21,BFO-FUT,79340.0,20,79380.0,20,79333.0,20,79401.45,20,79331.65,20,79402.7,100,79330.0,80,79403.4,100,79328.5,20,79404.15,40,440.0,1786041000000.0,880,860,440
2026-08-07 09:46:30.527,SENSEX,78993.0,79043.25,78905.0,79043.25,5140,37220,FUT,2026-08-27,SENSEX FUT 27 AUG 26,79043.25,1786076100283,20,79169.3,78977.79,BFO-FUT,78980.0,40,79004.25,20,78973.9,40,79006.3,20,78970.0,60,79007.55,20,78965.0,20,79008.55,20,78952.55,20,79009.25,40,5140.0,1786041000000.0,5860,4700,5140
2026-08-07 09:46:30.544,SENSEX,79359.45,79428.55,79325.0,79402.4,440,3620,FUT,2026-09-24,SENSEX FUT 24 SEP 26,79402.4,1786075199750,20,79559.45,79362.21,BFO-FUT,79340.0,20,79380.0,20,79333.0,20,79401.45,20,79331.65,20,79402.7,100,79330.0,80,79403.4,100,79328.55,20,79404.15,40,440.0,1786041000000.0,880,840,440
2026-08-07 09:46:31.426,SENSEX,78993.0,79043.25,78905.0,79043.25,5140,37220,FUT,2026-08-27,SENSEX FUT 27 AUG 26,79043.25,1786076100283,20,79169.3,78977.79,BFO-FUT,78980.0,40,79006.65,20,78973.9,40,79007.45,40,78970.0,60,79010.7,20,78965.0,20,79011.0,40,78952.55,20,79011.2,40,5140.0,1786041000000.0,5860,4640,5140
